prc_player_id,canonical_display_name,canonical_position,observed_team,status,created_season,first_seen_source,first_seen_date
PRC-a7f9e1b8-40d2-4e6c-aa02-8404394aa609,A.J. Brown,WR,NE,active,2026,fantasypros_player_pool,2026-07-18
PRC-58c518fc-f8e1-4150-86ad-f61f6ed070d2,Aaron Jones Sr.,RB,MIN,active,2026,fantasypros_player_pool,2026-07-18
PRC-a6026836-0e14-4e95-9f8e-e6c9d1fda2d3,Aaron Rodgers,QB,PIT,active,2026,fantasypros_player_pool,2026-07-18
PRC-c6d45848-6aa9-4747-9ef3-c76b41dca35b,Adam Randall,RB,BAL,active,2026,fantasypros_player_pool,2026-07-18
PRC-2b0e9865-c02d-43fe-ad01-8dda6ef4ddeb,Adonai Mitchell,WR,NYJ,active,2026,fantasypros_player_pool,2026-07-18
PRC-6b9bf31f-d190-4da4-ab55-55632943a66d,AJ Barner,TE,SEA,active,2026,fantasypros_player_pool,2026-07-18
PRC-f1651d66-faaf-4908-b172-28f07cf6d14b,Alec Pierce,WR,IND,active,2026,fantasypros_player_pool,2026-07-18
PRC-7126c65b-05a8-4c39-94be-15d37ecc22df,Alvin Kamara,RB,NO,active,2026,fantasypros_player_pool,2026-07-18
PRC-ebc82bc3-b709-4ccd-9272-a4ae4013d82b,Amon-Ra St. Brown,WR,DET,active,2026,fantasypros_player_pool,2026-07-18
PRC-f3a54048-65bf-42c1-beb3-78414412131c,Andrei Iosivas,WR,CIN,active,2026,fantasypros_player_pool,2026-07-18
PRC-bdc2e0c4-8033-476f-9f30-567ced8c00cb,Anthony Richardson Sr.,QB,IND,active,2026,fantasypros_player_pool,2026-07-18
PRC-1b1f1a9d-4576-4a57-bfb1-8687ebdfaf9c,Antonio Williams,WR,WAS,active,2026,fantasypros_player_pool,2026-07-18
PRC-6d1ac70d-86ff-482a-8d5e-3191438b2795,Ashton Dulin,WR,IND,active,2026,fantasypros_player_pool,2026-07-18
PRC-1a3f719e-db91-4c85-99f6-e6e0b76f0c45,Ashton Jeanty,RB,LV,active,2026,fantasypros_player_pool,2026-07-18
PRC-f9ee8384-f99c-4249-88af-ee23ae6d8a4e,Audric Estime,RB,NO,active,2026,fantasypros_player_pool,2026-07-18
PRC-ec8b452c-b122-4d5a-b51b-9d88f2b52af0,Austin Ekeler,RB,,active,2026,fantasypros_player_pool,2026-07-18
PRC-ef50d2a7-d93c-44a5-a8d5-e3b166db2d05,Baker Mayfield,QB,TB,active,2026,fantasypros_player_pool,2026-07-18
PRC-cda34af0-9d9b-447a-8ead-1059d334c23c,Ben Sims,TE,MIA,active,2026,fantasypros_player_pool,2026-07-18
PRC-4e59271d-a62d-4871-acb1-30ccc380c809,Ben Sinnott,TE,WAS,active,2026,fantasypros_player_pool,2026-07-18
PRC-c3198704-2a15-4786-9128-caeb43a461ab,Bhayshul Tuten,RB,JAC,active,2026,fantasypros_player_pool,2026-07-18
PRC-3049022c-8c89-49d3-81d5-ebe6802b7d6c,Bijan Robinson,RB,ATL,active,2026,fantasypros_player_pool,2026-07-18
PRC-7bbef235-45db-44b1-9528-11643aafee74,Blake Corum,RB,LAR,active,2026,fantasypros_player_pool,2026-07-18
PRC-e01c57bc-1567-41bd-b497-2da8e0145c7f,Bo Nix,QB,DEN,active,2026,fantasypros_player_pool,2026-07-18
PRC-e4705f8f-2fe0-415a-bb4d-4e278b939218,Braelon Allen,RB,NYJ,active,2026,fantasypros_player_pool,2026-07-18
PRC-ca48ef4b-6a99-4688-8188-78f84da9b659,Brandin Cooks,WR,,active,2026,fantasypros_player_pool,2026-07-18
PRC-cd97fa54-d23c-46e7-a35b-1998a65f0f3e,Brandon Aiyuk,WR,SF,active,2026,fantasypros_player_pool,2026-07-18
PRC-884ab3e1-ae86-4041-aa89-cd4590387cf7,Brashard Smith,RB,KC,active,2026,fantasypros_player_pool,2026-07-18
PRC-a3501442-3f19-47ff-a788-6d4a81b2f7ec,Breece Hall,RB,NYJ,active,2026,fantasypros_player_pool,2026-07-18
PRC-cdc17844-42c8-4f19-88b6-0fdf5e9cc329,Brenen Thompson,WR,LAC,active,2026,fantasypros_player_pool,2026-07-18
PRC-be3b11fa-4908-4492-959d-382c8bacdb34,Brenton Strange,TE,JAC,active,2026,fantasypros_player_pool,2026-07-18
PRC-b7cdfa1c-3604-42b9-a89c-adaa2ca1d599,Brian Robinson Jr.,RB,ATL,active,2026,fantasypros_player_pool,2026-07-18
PRC-f66ec069-d1b2-474e-8e7a-30855d98f862,Brian Thomas Jr.,WR,JAC,active,2026,fantasypros_player_pool,2026-07-18
PRC-589915e2-e3fa-4e4f-bc7f-8b1193360f1d,Brock Bowers,TE,LV,active,2026,fantasypros_player_pool,2026-07-18
PRC-aa33f6c7-17f8-4c38-b96e-a49ec731c56d,Brock Purdy,QB,SF,active,2026,fantasypros_player_pool,2026-07-18
PRC-f7bf771e-43c8-4378-bf89-af7422642841,Bryce Lance,WR,NO,active,2026,fantasypros_player_pool,2026-07-18
PRC-5c454ee0-80e3-4cf7-a792-fc0929555e87,Bryce Young,QB,CAR,active,2026,fantasypros_player_pool,2026-07-18
PRC-8f296818-318c-4799-aa8d-b5163fefb98a,Bucky Irving,RB,TB,active,2026,fantasypros_player_pool,2026-07-18
PRC-38cd64e1-2251-4103-af82-ea160c59f5f9,C.J. Stroud,QB,HOU,active,2026,fantasypros_player_pool,2026-07-18
PRC-32c5e866-15a6-48f0-a360-2502927a8b56,Cade Klubnik,QB,NYJ,active,2026,fantasypros_player_pool,2026-07-18
PRC-2ecccdba-763b-42c5-8bd0-2d36d20b244f,Cade Otton,TE,TB,active,2026,fantasypros_player_pool,2026-07-18
PRC-78f5d461-1f43-49c6-8c64-82dc25f19f3d,Caleb Douglas,WR,MIA,active,2026,fantasypros_player_pool,2026-07-18
PRC-2c0d2abc-9158-4e47-a64e-ea8acb6a49b2,Caleb Williams,QB,CHI,active,2026,fantasypros_player_pool,2026-07-18
PRC-b802ce21-bf24-413f-9268-8a5885563d6c,Calvin Austin III,WR,NYG,active,2026,fantasypros_player_pool,2026-07-18
PRC-0564a45a-9c35-4eb4-9d91-2f714ac424fe,Calvin Ridley,WR,TEN,active,2026,fantasypros_player_pool,2026-07-18
PRC-8ba5ead2-a4b9-481d-b60a-bdbf8bbefc65,Cam Skattebo,RB,NYG,active,2026,fantasypros_player_pool,2026-07-18
PRC-dba6e29d-41fa-4396-84ff-9adfa9e714d6,Cam Ward,QB,TEN,active,2026,fantasypros_player_pool,2026-07-18
PRC-eb0f4077-b6ad-4574-a408-fa7129f2c704,Carnell Tate,WR,TEN,active,2026,fantasypros_player_pool,2026-07-18
PRC-2494a32a-c3cd-4be5-8b2c-7c1c0c7d6793,Carson Beck,QB,ARI,active,2026,fantasypros_player_pool,2026-07-18
PRC-faaa3950-7307-4649-a6ee-9c03f995dbff,Cedric Tillman,WR,CLE,active,2026,fantasypros_player_pool,2026-07-18
PRC-c46a8b44-a143-4a4f-ba98-a5a051d4dd29,CeeDee Lamb,WR,DAL,active,2026,fantasypros_player_pool,2026-07-18
PRC-5b6db8bd-1ed7-41a0-802d-045264317d3c,Charlie Kolar,TE,LAC,active,2026,fantasypros_player_pool,2026-07-18
PRC-a81db1b2-bfa5-4772-a1b2-3f2c2110fe98,Chase Brown,RB,CIN,active,2026,fantasypros_player_pool,2026-07-18
PRC-195d234c-071e-4e37-ad16-387ef9eecddd,Chig Okonkwo,TE,WAS,active,2026,fantasypros_player_pool,2026-07-18
PRC-7ef99aa3-e4c1-4e58-a804-e5231262a900,Chimere Dike,WR,TEN,active,2026,fantasypros_player_pool,2026-07-18
PRC-fff7defa-7c7f-4c1e-a10b-c6122f757833,Chris Bell,WR,MIA,active,2026,fantasypros_player_pool,2026-07-18
PRC-50e365c7-dbd6-4544-ac80-b3d56ec2ca1f,Chris Brazzell II,WR,CAR,active,2026,fantasypros_player_pool,2026-07-18
PRC-5f5f477a-ad0b-4d18-a63a-cd9c2b609bdb,Chris Brooks,RB,GB,active,2026,fantasypros_player_pool,2026-07-18
PRC-d4fa73a7-26d4-4256-8991-3f9faa5cb975,Chris Godwin Jr.,WR,TB,active,2026,fantasypros_player_pool,2026-07-18
PRC-40aac82e-e773-4b6e-b045-a4288547aafc,Chris Olave,WR,NO,active,2026,fantasypros_player_pool,2026-07-18
PRC-b5bbb1ff-41a5-4bf1-aef1-459f497cf35c,Chris Rodriguez Jr.,RB,JAC,active,2026,fantasypros_player_pool,2026-07-18
PRC-f58ef0c0-2b97-4a19-88a9-9e3a743700cb,Christian Kirk,WR,SF,active,2026,fantasypros_player_pool,2026-07-18
PRC-93859a34-a0b3-4d48-aac0-f3da9b399f22,Christian McCaffrey,RB,SF,active,2026,fantasypros_player_pool,2026-07-18
PRC-7db979d5-dfec-4722-9fc2-a7694b70e174,Christian Watson,WR,GB,active,2026,fantasypros_player_pool,2026-07-18
PRC-c7bbcd92-ae09-4e69-b9c9-38b106d543e9,Chuba Hubbard,RB,CAR,active,2026,fantasypros_player_pool,2026-07-18
PRC-c05b5723-940c-445d-b124-ecfd928dad7c,CJ Daniels,WR,LAR,active,2026,fantasypros_player_pool,2026-07-18
PRC-a474ac18-bb0b-4bac-b16d-cb9283944dd9,Colbie Young,WR,CIN,active,2026,fantasypros_player_pool,2026-07-18
PRC-21237c6d-57aa-493c-836c-eb9d6e0e2a0e,Colby Parkinson,TE,LAR,active,2026,fantasypros_player_pool,2026-07-18
PRC-b1276f45-8e8b-4d41-8422-90359a272afd,Cole Kmet,TE,CHI,active,2026,fantasypros_player_pool,2026-07-18
PRC-75976f08-bdfe-4ca1-b8ff-164b5ed23897,Colston Loveland,TE,CHI,active,2026,fantasypros_player_pool,2026-07-18
PRC-f3616d08-f98b-40a9-8e97-f595919f10e6,Cooper Kupp,WR,SEA,active,2026,fantasypros_player_pool,2026-07-18
PRC-2d741eee-e874-4e7d-8079-5fd17d7fcae6,Courtland Sutton,WR,DEN,active,2026,fantasypros_player_pool,2026-07-18
PRC-0bcc1f69-cd3d-45c4-9129-84626dae370a,Cyrus Allen,WR,KC,active,2026,fantasypros_player_pool,2026-07-18
PRC-a49cc040-b6ea-4217-ab91-0f2df0d8aa7c,D'Andre Swift,RB,CHI,active,2026,fantasypros_player_pool,2026-07-18
PRC-7410d21c-704a-41b8-9ddf-2eefd373dacf,Dak Prescott,QB,DAL,active,2026,fantasypros_player_pool,2026-07-18
PRC-d391bb79-ea7c-424c-8d50-65a0fc1e0404,Dallas Goedert,TE,PHI,active,2026,fantasypros_player_pool,2026-07-18
PRC-90cb91aa-3ee6-45f5-8236-234cc5f0b66d,Dalton Kincaid,TE,BUF,active,2026,fantasypros_player_pool,2026-07-18
PRC-a0d848df-50aa-4585-8bb5-0fcf820fe50f,Dalton Schultz,TE,HOU,active,2026,fantasypros_player_pool,2026-07-18
PRC-eca91890-0d61-48a5-8032-2dd4bf2bf199,Daniel Bellinger,TE,TEN,active,2026,fantasypros_player_pool,2026-07-18
PRC-c8ddc44e-f26d-4822-926b-9a8fc24fef46,Daniel Jones,QB,IND,active,2026,fantasypros_player_pool,2026-07-18
PRC-68c8062c-76a5-426b-a76e-456a0cb832e7,Darius Slayton,WR,NYG,active,2026,fantasypros_player_pool,2026-07-18
PRC-136ef169-61ea-4885-a8a4-4a62c09e7b33,Darnell Mooney,WR,NYG,active,2026,fantasypros_player_pool,2026-07-18
PRC-20fcb323-a214-491f-8c88-3a8da045b803,Darnell Washington,TE,PIT,active,2026,fantasypros_player_pool,2026-07-18
PRC-c6526774-4cd5-415b-b7c0-73183f2aa023,Darren Waller,TE,,active,2026,fantasypros_player_pool,2026-07-18
PRC-96570418-6161-4ea6-832f-920282aada04,Davante Adams,WR,LAR,active,2026,fantasypros_player_pool,2026-07-18
PRC-e258ffa5-adcf-4e6d-8ae2-ca350aefb919,David Montgomery,RB,HOU,active,2026,fantasypros_player_pool,2026-07-18
PRC-6605ab5e-ff95-4bc3-b11c-450d48b42629,David Njoku,TE,LAC,active,2026,fantasypros_player_pool,2026-07-18
PRC-41566743-e68d-452e-b6ea-2766e44dcdb0,Davis Mills,QB,HOU,active,2026,fantasypros_player_pool,2026-07-18
PRC-6b871724-fdfd-424f-8e03-74783781fabc,Dawson Knox,TE,BUF,active,2026,fantasypros_player_pool,2026-07-18
PRC-f3788fd3-0e00-4121-bf5a-ae24a130be72,De'Von Achane,RB,MIA,active,2026,fantasypros_player_pool,2026-07-18
PRC-5550919a-ccfd-44f5-92c2-b5a25fad24b6,De'Zhaun Stribling,WR,SF,active,2026,fantasypros_player_pool,2026-07-18
PRC-b5732ece-a11a-455f-8e78-9e2651eb91cf,Deebo Samuel Sr.,WR,,active,2026,fantasypros_player_pool,2026-07-18
PRC-d77243e1-8f7f-4396-b0d0-072beb373e54,Deion Burks,WR,IND,active,2026,fantasypros_player_pool,2026-07-18
PRC-c6d60fb0-3093-4d28-b833-41a70ab39a5a,DeMario Douglas,WR,NE,active,2026,fantasypros_player_pool,2026-07-18
PRC-2baab75a-c1eb-4fdc-9bb8-542cb47c89cb,Demond Claiborne,RB,MIN,active,2026,fantasypros_player_pool,2026-07-18
PRC-2801fccc-e740-4fe7-b1c5-16d33f16aef9,Denzel Boston,WR,CLE,active,2026,fantasypros_player_pool,2026-07-18
PRC-09a316ba-a285-4388-ab90-95f30fbed7c6,Derrick Henry,RB,BAL,active,2026,fantasypros_player_pool,2026-07-18
PRC-35743125-add7-4461-b689-dada3a996a9c,Deshaun Watson,QB,CLE,active,2026,fantasypros_player_pool,2026-07-18
PRC-7e429e57-d327-491b-81f7-3fed0f67fa3a,Devaughn Vele,WR,NO,active,2026,fantasypros_player_pool,2026-07-18
PRC-6cbda681-0db6-44be-9f8c-4a685f7d0703,Devin Neal,RB,NO,active,2026,fantasypros_player_pool,2026-07-18
PRC-92b1ee98-7b2b-4cc6-8a01-2ee2a2d6f62f,Devin Singletary,RB,NYG,active,2026,fantasypros_player_pool,2026-07-18
PRC-14289f24-ef26-4948-a95f-21e91bc09d04,DeVonta Smith,WR,PHI,active,2026,fantasypros_player_pool,2026-07-18
PRC-284a2f34-3031-45f1-9aff-64ec51fc81f7,Devontez Walker,WR,BAL,active,2026,fantasypros_player_pool,2026-07-18
PRC-32f67fbb-ec45-4cf2-9c1c-ca1bc6d4dbc6,DJ Giddens,RB,IND,active,2026,fantasypros_player_pool,2026-07-18
PRC-0c19194d-1b41-442f-ad76-e26353c42d27,DJ Moore,WR,BUF,active,2026,fantasypros_player_pool,2026-07-18
PRC-afc82a2a-db25-4e44-9d5a-af468390954b,DK Metcalf,WR,PIT,active,2026,fantasypros_player_pool,2026-07-18
PRC-d74b3dfd-0f58-405b-b7de-50426fd54b06,Dont'e Thornton Jr.,WR,LV,active,2026,fantasypros_player_pool,2026-07-18
PRC-78cd5ab8-f1ae-457f-8a09-729419d540ec,Dontayvion Wicks,WR,PHI,active,2026,fantasypros_player_pool,2026-07-18
PRC-5397d0bc-c069-44d5-afee-2574e9a3c596,Drake London,WR,ATL,active,2026,fantasypros_player_pool,2026-07-18
PRC-82c26459-dac9-4a1b-ae9d-2a2269093890,Drake Maye,QB,NE,active,2026,fantasypros_player_pool,2026-07-18
PRC-7416448d-4071-450f-a7c9-26582f5173d1,Drew Allar,QB,PIT,active,2026,fantasypros_player_pool,2026-07-18
PRC-00a4e27c-5e9f-4dbe-8572-971884a22293,Dyami Brown,WR,WAS,active,2026,fantasypros_player_pool,2026-07-18
PRC-d10b046c-2ad3-4876-bf22-5a2425c608be,Dylan Sampson,RB,CLE,active,2026,fantasypros_player_pool,2026-07-18
PRC-8cac9e4c-8c0f-45c5-a379-f00b49d4ea27,Eli Heidenreich,RB,PIT,active,2026,fantasypros_player_pool,2026-07-18
PRC-4fae6132-47e7-47de-966b-6eda13545efd,Eli Raridon,TE,NE,active,2026,fantasypros_player_pool,2026-07-18
PRC-cc9bf519-3601-4686-85ba-8d43f61342fb,Eli Stowers,TE,PHI,active,2026,fantasypros_player_pool,2026-07-18
PRC-aad8edda-8cee-4fd9-88b5-c619707e3356,Elic Ayomanor,WR,TEN,active,2026,fantasypros_player_pool,2026-07-18
PRC-1ac83f81-1f68-481d-92ad-dd5ad7301ee4,Elijah Arroyo,TE,SEA,active,2026,fantasypros_player_pool,2026-07-18
PRC-f6fc4e98-aabc-4d76-a876-00132f179352,Elijah Higgins,TE,ARI,active,2026,fantasypros_player_pool,2026-07-18
PRC-f68d1528-3ce4-4cdb-907d-4700fa9bf216,Elijah Moore,WR,PHI,active,2026,fantasypros_player_pool,2026-07-18
PRC-c518a530-9882-43b5-89fc-b2ef38220716,Elijah Sarratt,WR,BAL,active,2026,fantasypros_player_pool,2026-07-18
PRC-11375e55-9e9c-4580-907c-5ce7dd191954,Emanuel Wilson,RB,SEA,active,2026,fantasypros_player_pool,2026-07-18
PRC-62993bf9-fc19-45c4-a41b-80e11ed749ea,Emari Demercado,RB,KC,active,2026,fantasypros_player_pool,2026-07-18
PRC-dde19e9a-fe62-43fd-84ad-6ebe4ddb2e88,Emeka Egbuka,WR,TB,active,2026,fantasypros_player_pool,2026-07-18
PRC-22818d97-cb53-4691-a31c-b75745b7d0d8,Emmett Johnson,RB,KC,active,2026,fantasypros_player_pool,2026-07-18
PRC-e80b5b6a-e9e8-4243-99bd-85de176a4732,Erick All Jr.,TE,CIN,active,2026,fantasypros_player_pool,2026-07-18
PRC-41288db5-fe3e-4726-949d-b88d433dd6ab,Evan Engram,TE,DEN,active,2026,fantasypros_player_pool,2026-07-18
PRC-af0e08c1-0be8-4c32-9cd9-8c307859dc92,Fernando Mendoza,QB,LV,active,2026,fantasypros_player_pool,2026-07-18
PRC-799281ec-0ae0-4233-9647-3c0566f2506e,Gardner Minshew II,QB,ARI,active,2026,fantasypros_player_pool,2026-07-18
PRC-fe4a41de-2794-480e-8bcd-02bce67d853a,Garrett Wilson,WR,NYJ,active,2026,fantasypros_player_pool,2026-07-18
PRC-11f3c9c5-1f1a-4b6f-8276-bda4f71b92c0,Geno Smith,QB,NYJ,active,2026,fantasypros_player_pool,2026-07-18
PRC-4aa77fa9-4c78-4f2d-95af-8b200526b987,George Holani,RB,SEA,active,2026,fantasypros_player_pool,2026-07-18
PRC-7b412bf0-4677-4ea4-b153-02f439a8ebad,George Kittle,TE,SF,active,2026,fantasypros_player_pool,2026-07-18
PRC-ff5afe4a-84e6-4f54-888b-cff365b5fd81,George Pickens,WR,DAL,active,2026,fantasypros_player_pool,2026-07-18
PRC-42d26231-1cd8-4b6d-9008-f0db4a8a7677,Germie Bernard,WR,PIT,active,2026,fantasypros_player_pool,2026-07-18
PRC-1344b7b2-f9ca-4129-8e6a-51d5be267360,Greg Dortch,WR,DET,active,2026,fantasypros_player_pool,2026-07-18
PRC-e1cdbd72-e1e5-4ac4-a0e7-5b15a8fd5a17,Greg Dulcich,TE,MIA,active,2026,fantasypros_player_pool,2026-07-18
PRC-35d87e10-f262-4f5f-b621-7242cd901680,Gunnar Helm,TE,TEN,active,2026,fantasypros_player_pool,2026-07-18
PRC-86e6c9c7-0eff-4278-b585-6927c61d332a,Harold Fannin Jr.,TE,CLE,active,2026,fantasypros_player_pool,2026-07-18
PRC-9d3e1388-a40a-49a9-b1d9-15e4f036e488,Hollywood Brown,WR,PHI,active,2026,fantasypros_player_pool,2026-07-18
PRC-8abdb6a5-3f20-4700-bb78-de9fad110fa9,Hunter Henry,TE,NE,active,2026,fantasypros_player_pool,2026-07-18
PRC-b1585ad4-6c40-40d9-92a1-320205647eaf,Isaac Guerendo,RB,SF,active,2026,fantasypros_player_pool,2026-07-18
PRC-e642cef8-c47a-4d8e-84b9-8b3bf05a2382,Isaac TeSlaa,WR,DET,active,2026,fantasypros_player_pool,2026-07-18
PRC-32c102c8-4c57-45a1-bd17-0ea417f621a3,Isaiah Bond,WR,CLE,active,2026,fantasypros_player_pool,2026-07-18
PRC-ef74e96d-f997-4d4c-88ef-5a46f0c88e3d,Isaiah Davis,RB,NYJ,active,2026,fantasypros_player_pool,2026-07-18
PRC-f52ae80c-8cad-4303-b913-161dfdebbef7,Isaiah Likely,TE,NYG,active,2026,fantasypros_player_pool,2026-07-18
PRC-87e93bfa-8575-49a3-8a1a-4689912d7f2e,Isaiah Williams,WR,NYJ,active,2026,fantasypros_player_pool,2026-07-18
PRC-20ae359a-2499-427e-885a-cdbafcfa7f4a,Isiah Pacheco,RB,DET,active,2026,fantasypros_player_pool,2026-07-18
PRC-6afce5b1-728d-43ef-a66d-7569b7685b09,J'Mari Taylor,RB,JAC,active,2026,fantasypros_player_pool,2026-07-18
PRC-367bd9d3-422a-433f-bf09-640014eeede9,J.J. McCarthy,QB,MIN,active,2026,fantasypros_player_pool,2026-07-18
PRC-5b34ca76-3596-4da3-ad64-10b9e9eb556b,J.K. Dobbins,RB,DEN,active,2026,fantasypros_player_pool,2026-07-18
PRC-1079decf-c986-432d-80b6-562dc71eab89,Ja'Kobi Lane,WR,BAL,active,2026,fantasypros_player_pool,2026-07-18
PRC-824a95a8-0709-4254-9fde-e8f3b34a07a5,Ja'Lynn Polk,WR,NO,active,2026,fantasypros_player_pool,2026-07-18
PRC-d2f26482-2d7a-4a8c-83a5-c92219dbae9b,Ja'Marr Chase,WR,CIN,active,2026,fantasypros_player_pool,2026-07-18
PRC-89109ddb-8503-4005-81aa-e6e3da47f7eb,Ja'Mori Maclin,WR,BUF,active,2026,fantasypros_player_pool,2026-07-18
PRC-fd5ee6bd-4a26-49c4-b7d5-89311aec964d,Ja'Tavion Sanders,TE,CAR,active,2026,fantasypros_player_pool,2026-07-18
PRC-b64047c9-3310-45db-93bf-0eea16f7744e,Jack Bech,WR,LV,active,2026,fantasypros_player_pool,2026-07-18
PRC-7d42f5e6-b54a-4d74-a23a-11f808ad7a23,Jack Endries,TE,CIN,active,2026,fantasypros_player_pool,2026-07-18
PRC-21b442f4-f473-40db-b82a-4a5c0fea85ab,Jackson Hawes,TE,BUF,active,2026,fantasypros_player_pool,2026-07-18
PRC-9b5d94bc-3a0e-4ce2-99c9-199907e85a0d,Jacob Cowing,WR,SF,active,2026,fantasypros_player_pool,2026-07-18
PRC-d379e941-29e9-4fbc-a0a8-778c2603dd4d,Jacoby Brissett,QB,ARI,active,2026,fantasypros_player_pool,2026-07-18
PRC-e3a2c92d-1acc-4442-94c2-543b925b815b,Jacory Croskey-Merritt,RB,WAS,active,2026,fantasypros_player_pool,2026-07-18
PRC-4dafbf00-dd34-4444-a3f4-d43fed4461a6,Jadarian Price,RB,SEA,active,2026,fantasypros_player_pool,2026-07-18
PRC-67626a58-1096-4274-8fbb-f7289bfe6d72,Jahan Dotson,WR,ATL,active,2026,fantasypros_player_pool,2026-07-18
PRC-8869c48f-69fd-4466-bf30-e46730c83ed0,Jahdae Walker,WR,CHI,active,2026,fantasypros_player_pool,2026-07-18
PRC-f826d660-597d-4bc1-9e45-d4414ddfb40b,Jahmyr Gibbs,RB,DET,active,2026,fantasypros_player_pool,2026-07-18
PRC-2a8a5052-6245-4fa6-934d-9cfc30989da0,Jake Bobo,WR,SEA,active,2026,fantasypros_player_pool,2026-07-18
PRC-ed710f89-e324-443b-b5b8-63443089ad1e,Jake Ferguson,TE,DAL,active,2026,fantasypros_player_pool,2026-07-18
PRC-ceaaff03-830a-4f21-8d4e-ee698d208316,Jake Tonges,TE,SF,active,2026,fantasypros_player_pool,2026-07-18
PRC-d355d5b3-c493-4f03-8d8c-3ac72424884a,Jakobi Meyers,WR,JAC,active,2026,fantasypros_player_pool,2026-07-18
PRC-09d68b87-eed8-425f-bd4e-b730bc4b8266,Jalen Coker,WR,CAR,active,2026,fantasypros_player_pool,2026-07-18
PRC-949dce7a-8ae2-4058-a51e-0f409e4ee211,Jalen Hurts,QB,PHI,active,2026,fantasypros_player_pool,2026-07-18
PRC-99dab9b0-6d0e-4baf-9683-6254dbf0bf76,Jalen McMillan,WR,TB,active,2026,fantasypros_player_pool,2026-07-18
PRC-aa7382f1-b300-4c40-8848-8c9659799e46,Jalen Milroe,QB,SEA,active,2026,fantasypros_player_pool,2026-07-18
PRC-767bfe0a-0d5c-47a6-9d93-8b5768e8d26a,Jalen Nailor,WR,LV,active,2026,fantasypros_player_pool,2026-07-18
PRC-03176b0f-2135-47f8-bf4d-f7ced9ad82f4,Jalen Royals,WR,KC,active,2026,fantasypros_player_pool,2026-07-18
PRC-5ae31d6d-dd16-40a7-b1f5-2b28e74da355,Jalen Tolbert,WR,MIA,active,2026,fantasypros_player_pool,2026-07-18
PRC-6da3a151-b3d1-4426-9093-e9880d3e54e2,Jameis Winston,QB,NYG,active,2026,fantasypros_player_pool,2026-07-18
PRC-e9c3d931-1431-48c4-a43f-61ab1eb3b1a4,James Conner,RB,ARI,active,2026,fantasypros_player_pool,2026-07-18
PRC-62658d0f-927d-4440-9aac-f8d1fe825de9,James Cook III,RB,BUF,active,2026,fantasypros_player_pool,2026-07-18
PRC-ae9ca9db-01e7-482e-ba21-da6d9c1268c6,Jameson Williams,WR,DET,active,2026,fantasypros_player_pool,2026-07-18
PRC-99b81942-93ea-46fa-a60d-7a45786c6b0a,Jared Goff,QB,DET,active,2026,fantasypros_player_pool,2026-07-18
PRC-908b7872-dcd8-4570-8377-3407733bbe26,Jarquez Hunter,RB,LAR,active,2026,fantasypros_player_pool,2026-07-18
PRC-8c0a48c5-09ba-462b-826f-29fe91462b12,Jauan Jennings,WR,MIN,active,2026,fantasypros_player_pool,2026-07-18
PRC-5cee3348-b784-4e95-a61e-1c7b5e1c8b0e,Javonte Williams,RB,DAL,active,2026,fantasypros_player_pool,2026-07-18
PRC-02c20811-e2ca-44e5-ae3e-9dda4867c53b,Jawhar Jordan,RB,HOU,active,2026,fantasypros_player_pool,2026-07-18
PRC-a37836d6-2727-4b87-a496-5e72038b7390,Jaxon Smith-Njigba,WR,SEA,active,2026,fantasypros_player_pool,2026-07-18
PRC-fcf58d5e-1f15-423c-837c-4fe85a65e214,Jaxson Dart,QB,NYG,active,2026,fantasypros_player_pool,2026-07-18
PRC-7b578633-c48e-4348-abc0-6cb3a9b1a342,Jayden Daniels,QB,WAS,active,2026,fantasypros_player_pool,2026-07-18
PRC-81dffe9a-5ab3-4ed0-86b3-28df8cfa682a,Jayden Higgins,WR,HOU,active,2026,fantasypros_player_pool,2026-07-18
PRC-2ff32806-dffe-4723-9fc5-84752111db0c,Jayden Reed,WR,GB,active,2026,fantasypros_player_pool,2026-07-18
PRC-39c85768-8e02-4950-9922-21fcef94838d,Jaydn Ott,RB,KC,active,2026,fantasypros_player_pool,2026-07-18
PRC-683cb137-1339-494c-b3b5-89149813ccf3,Jaydon Blue,RB,DAL,active,2026,fantasypros_player_pool,2026-07-18
PRC-5d709f28-7680-4643-a156-0799cf8bb0ba,Jaylen Waddle,WR,DEN,active,2026,fantasypros_player_pool,2026-07-18
PRC-c75ed9ff-bafe-4ac0-b1cc-c41c14c5299d,Jaylen Warren,RB,PIT,active,2026,fantasypros_player_pool,2026-07-18
PRC-51a515dc-72f3-4413-b13b-379f94c85049,Jaylen Wright,RB,MIA,active,2026,fantasypros_player_pool,2026-07-18
PRC-af00b085-c12e-4498-ab77-4ea04afa64a0,Jaylin Lane,WR,WAS,active,2026,fantasypros_player_pool,2026-07-18
PRC-97744de0-e6b3-4cab-b33e-7d4c6bbf1a58,Jaylin Noel,WR,HOU,active,2026,fantasypros_player_pool,2026-07-18
PRC-71e36d05-ff30-41d0-abee-bf98257e7e2d,Jeremiyah Love,RB,ARI,active,2026,fantasypros_player_pool,2026-07-18
PRC-b9e0e980-9be6-43ec-a1f5-ed045bd6a415,Jerome Ford,RB,WAS,active,2026,fantasypros_player_pool,2026-07-18
PRC-69396da1-b167-46c1-b037-228419af1e1e,Jerry Jeudy,WR,CLE,active,2026,fantasypros_player_pool,2026-07-18
PRC-1fdba2df-61d2-41b4-ba70-7b4be884c9de,Jimmy Horn Jr.,WR,CAR,active,2026,fantasypros_player_pool,2026-07-18
PRC-c93f8db3-ab33-497d-8dbb-1263f726847f,Joe Burrow,QB,CIN,active,2026,fantasypros_player_pool,2026-07-18
PRC-49c64dd2-e841-4a2a-aca4-a40ddce39c0b,Joe Flacco,QB,CIN,active,2026,fantasypros_player_pool,2026-07-18
PRC-f21acdd2-8209-4968-a16b-a83cb3485b5e,Joe Milton III,QB,DAL,active,2026,fantasypros_player_pool,2026-07-18
PRC-b924267a-814e-4a01-a2a8-542d2e152158,Joe Mixon,RB,,active,2026,fantasypros_player_pool,2026-07-18
PRC-d0a608b4-ac19-4a06-a88d-c993f899091d,John Metchie III,WR,CAR,active,2026,fantasypros_player_pool,2026-07-18
PRC-f3fccbcf-6221-496d-ab20-facfc7638a65,John Michael Gyllenborg,TE,KC,active,2026,fantasypros_player_pool,2026-07-18
PRC-37155135-9b68-42d6-8b6f-dcce68269cb8,Johnny Wilson,WR,PHI,active,2026,fantasypros_player_pool,2026-07-18
PRC-acc71f61-611e-4749-8b5f-f4df3ca84cbd,Jonah Coleman,RB,DEN,active,2026,fantasypros_player_pool,2026-07-18
PRC-8fd99950-d4bd-487c-80fa-ead3c4b8b781,Jonathan Taylor,RB,IND,active,2026,fantasypros_player_pool,2026-07-18
PRC-1e2671cf-2e65-4559-82fb-92cf4bb2a1fd,Jonathon Brooks,RB,CAR,active,2026,fantasypros_player_pool,2026-07-18
PRC-391c83f8-d873-46c6-82cf-b88dd4be400c,Jonnu Smith,TE,,active,2026,fantasypros_player_pool,2026-07-18
PRC-b09f34ab-1104-4dda-961c-399fbba986d1,Jordan Addison,WR,MIN,active,2026,fantasypros_player_pool,2026-07-18
PRC-09b08513-ea4f-492d-9e32-eeb9af3067b9,Jordan James,RB,SF,active,2026,fantasypros_player_pool,2026-07-18
PRC-e33449e5-5739-46bb-90ea-035a83bf424e,Jordan Love,QB,GB,active,2026,fantasypros_player_pool,2026-07-18
PRC-7d4e12c2-b05a-482f-957b-07040a5b3646,Jordan Mason,RB,MIN,active,2026,fantasypros_player_pool,2026-07-18
PRC-8dcb1881-cd4e-40de-b3eb-9fba164cefd2,Jordan Whittington,WR,LAR,active,2026,fantasypros_player_pool,2026-07-18
PRC-89e64cd5-8768-4e40-8f5b-eb07f9706aec,Jordyn Tyson,WR,NO,active,2026,fantasypros_player_pool,2026-07-18
PRC-97154f10-80a3-4e06-823e-d6bdb1ac00e6,Josh Allen,QB,BUF,active,2026,fantasypros_player_pool,2026-07-18
PRC-1eb442dd-2248-483f-9d35-f5fb4de8d27b,Josh Cuevas,TE,BAL,active,2026,fantasypros_player_pool,2026-07-18
PRC-8053989d-aa5c-4b28-8d27-139599e85e3f,Josh Downs,WR,IND,active,2026,fantasypros_player_pool,2026-07-18
PRC-3f67b1da-30e3-411f-a17b-cb7d56eb4ed0,Josh Jacobs,RB,GB,active,2026,fantasypros_player_pool,2026-07-18
PRC-7e2fb8ad-4581-4d8a-ab94-d48c5a8fcdf5,Josh Oliver,TE,MIN,active,2026,fantasypros_player_pool,2026-07-18
PRC-efffc583-6b58-4e3b-9da1-651fd072b5f8,Joshua Palmer,WR,BUF,active,2026,fantasypros_player_pool,2026-07-18
PRC-24fbd84e-371a-440e-9af9-be2b5dcd231c,Justice Hill,RB,BAL,active,2026,fantasypros_player_pool,2026-07-18
PRC-f1236b4c-ab8b-44c1-b50f-11af1af7c2d3,Justin Fields,QB,KC,active,2026,fantasypros_player_pool,2026-07-18
PRC-517072b0-24c1-4358-8c7a-842d1bab89ac,Justin Herbert,QB,LAC,active,2026,fantasypros_player_pool,2026-07-18
PRC-ac33eee8-345a-4fd5-950f-252c18094b23,Justin Jefferson,WR,MIN,active,2026,fantasypros_player_pool,2026-07-18
PRC-c2850fee-c666-47a1-b2fb-0d998ce2a7fb,Justin Joly,TE,DEN,active,2026,fantasypros_player_pool,2026-07-18
PRC-22546847-369a-4554-bff0-dda897f2066a,Juwan Johnson,TE,NO,active,2026,fantasypros_player_pool,2026-07-18
PRC-1c14f813-305d-431a-bd20-7ff00e88bda3,Kaelon Black,RB,SF,active,2026,fantasypros_player_pool,2026-07-18
PRC-a33a8bb6-bb16-4a54-8792-2d65e2375327,Kaleb Johnson,RB,PIT,active,2026,fantasypros_player_pool,2026-07-18
PRC-64431ff9-8815-4f00-9a71-d2586438fc02,Kalen Ballage,RB,,active,2026,fantasypros_player_pool,2026-07-18
PRC-5211b44a-cfd3-4ad1-a1a4-6ff1a0cf0ec5,Kalif Raymond,WR,CHI,active,2026,fantasypros_player_pool,2026-07-18
PRC-d2c450d7-1f9f-4ea9-85f3-1b707b713566,Kareem Hunt,RB,,active,2026,fantasypros_player_pool,2026-07-18
PRC-ed72d93e-a8cb-4bdf-bf09-e40177b2dad8,KaVontae Turpin,WR,DAL,active,2026,fantasypros_player_pool,2026-07-18
PRC-bc7f3b50-5cf7-41ba-8321-1477442e768d,Kayshon Boutte,WR,NE,active,2026,fantasypros_player_pool,2026-07-18
PRC-06ebb835-f7ef-4902-b481-4eb0a3008d65,Kaytron Allen,RB,WAS,active,2026,fantasypros_player_pool,2026-07-18
PRC-fa6c6a75-8787-45a6-a3aa-9c19fd751787,KC Concepcion,WR,CLE,active,2026,fantasypros_player_pool,2026-07-18
PRC-fcb0c32e-feaa-4e35-aa70-ba620f1fe9f3,KeAndre Lambert-Smith,WR,LAC,active,2026,fantasypros_player_pool,2026-07-18
PRC-ca7121d8-cbb8-4594-b4f6-e05f1ebc3dbe,Keaton Mitchell,RB,LAC,active,2026,fantasypros_player_pool,2026-07-18
PRC-16607549-8a84-4832-9f62-4dac5f702a47,Keelan Doss,WR,,active,2026,fantasypros_player_pool,2026-07-18
PRC-2493ec8e-c26a-4bb9-bc43-15dabdd7297f,Keenan Allen,WR,LAC,active,2026,fantasypros_player_pool,2026-07-18
PRC-f5d50230-ebd1-4f78-a195-ea6d69e637ee,Kendre Miller,RB,NO,active,2026,fantasypros_player_pool,2026-07-18
PRC-50bc1e7a-de7e-45bf-897a-bd56df7ac601,Kendrick Bourne,WR,ARI,active,2026,fantasypros_player_pool,2026-07-18
PRC-8f77d530-c06b-4a86-a3bc-88a4818ba0ca,Kenneth Walker III,RB,KC,active,2026,fantasypros_player_pool,2026-07-18
PRC-b141d408-e095-4c20-bdf0-619200a53322,Kenny Gainwell,RB,TB,active,2026,fantasypros_player_pool,2026-07-18
PRC-e491771b-4acc-421a-9551-46d5b592fa1e,Kenyon Sadiq,TE,NYJ,active,2026,fantasypros_player_pool,2026-07-18
PRC-5347ca37-c320-476d-bb40-a76dc9b8ec41,Keon Coleman,WR,BUF,active,2026,fantasypros_player_pool,2026-07-18
PRC-15d91330-dca0-4140-a6bb-2f3bda4e5689,Kevin Coleman Jr.,WR,MIA,active,2026,fantasypros_player_pool,2026-07-18
PRC-8e1bbee2-718f-4217-adbf-b606cf0319b6,Khalil Shakir,WR,BUF,active,2026,fantasypros_player_pool,2026-07-18
PRC-5b92d2e5-14b7-4562-94d3-9762821f1220,Kimani Vidal,RB,LAC,active,2026,fantasypros_player_pool,2026-07-18
PRC-488c1ad3-423a-4fee-bcfc-bb431f1c568a,Kirk Cousins,QB,LV,active,2026,fantasypros_player_pool,2026-07-18
PRC-c52b586e-8ecf-4e02-914b-b083eba4dc0b,Konata Mumpfield,WR,LAR,active,2026,fantasypros_player_pool,2026-07-18
PRC-1da5d4be-53fc-49ab-98ed-2c4baa6146a0,Kyle Juszczyk,RB,SF,active,2026,fantasypros_player_pool,2026-07-18
PRC-4b96d26d-fa1e-4acb-b0bf-6bc7ea225341,Kyle Monangai,RB,CHI,active,2026,fantasypros_player_pool,2026-07-18
PRC-5dc1d758-ea44-4fb0-a73b-75e3710e7bee,Kyle Pitts Sr.,TE,ATL,active,2026,fantasypros_player_pool,2026-07-18
PRC-d7b98bde-6708-41d8-a24b-95a11ac0b9ee,Kyle Williams,WR,NE,active,2026,fantasypros_player_pool,2026-07-18
PRC-0c338dc2-c34b-4cdf-bd10-24c6d4931195,Kyler Murray,QB,MIN,active,2026,fantasypros_player_pool,2026-07-18
PRC-c87164f3-9de2-4e47-a64b-f5e04cdf69b1,Kyren Williams,RB,LAR,active,2026,fantasypros_player_pool,2026-07-18
PRC-d82b627e-e9ab-4106-9c45-1279dbb40e86,Ladd McConkey,WR,LAC,active,2026,fantasypros_player_pool,2026-07-18
PRC-949a2156-be97-4318-be42-b9f2d312a7d2,LaJohntay Wester,WR,BAL,active,2026,fantasypros_player_pool,2026-07-18
PRC-1008bf70-629f-4f76-9309-d8dcee430b4c,Lamar Jackson,QB,BAL,active,2026,fantasypros_player_pool,2026-07-18
PRC-20691419-8a91-46a1-ad6b-94c5b4153a9a,LeQuint Allen Jr.,RB,JAC,active,2026,fantasypros_player_pool,2026-07-18
PRC-b370757a-3f21-442e-b131-196bacf75f03,Luke McCaffrey,WR,WAS,active,2026,fantasypros_player_pool,2026-07-18
PRC-0caa8e4e-f749-41f8-94d5-fddd1214d6c6,Luke Musgrave,TE,GB,active,2026,fantasypros_player_pool,2026-07-18
PRC-2303c52f-58f0-4b14-a484-8f36664fcd63,Luke Schoonmaker,TE,DAL,active,2026,fantasypros_player_pool,2026-07-18
PRC-0df1e879-9549-4ffb-ac58-d5e917717f65,Luther Burden III,WR,CHI,active,2026,fantasypros_player_pool,2026-07-18
PRC-ab3c561f-6591-4abe-acd3-cdefdf36d144,Mac Jones,QB,SF,active,2026,fantasypros_player_pool,2026-07-18
PRC-5319bb41-06c5-48d1-9901-dfdfe33489a3,Mack Hollins,WR,NE,active,2026,fantasypros_player_pool,2026-07-18
PRC-ba30cd9d-e799-4ba2-ae34-6bccffd51f29,Makai Lemon,WR,PHI,active,2026,fantasypros_player_pool,2026-07-18
PRC-5df33769-ca39-4163-a43c-e5f575ae72d5,Malachi Fields,WR,NYG,active,2026,fantasypros_player_pool,2026-07-18
PRC-e0bfc9a4-9a26-489c-835e-6d2c39681b29,Malik Benson,WR,LV,active,2026,fantasypros_player_pool,2026-07-18
PRC-d7fec67a-315b-4359-a24e-86b81dd95d52,Malik Cunningham,QB,DET,active,2026,fantasypros_player_pool,2026-07-18
PRC-d5d7daf0-42c1-49a1-b54b-3fc3a0696d72,Malik Davis,RB,DAL,active,2026,fantasypros_player_pool,2026-07-18
PRC-ce38207d-b361-45c9-b341-97ab036756a6,Malik Nabers,WR,NYG,active,2026,fantasypros_player_pool,2026-07-18
PRC-aafc92d1-2eee-46be-9dc1-ca0cee0e6618,Malik Washington,WR,MIA,active,2026,fantasypros_player_pool,2026-07-18
PRC-f96d76d4-d030-4e8f-95e4-a435de26cd49,Malik Willis,QB,MIA,active,2026,fantasypros_player_pool,2026-07-18
PRC-eb091ce6-62cb-45ce-8c7a-6c74af0de69a,Marcus Mariota,QB,WAS,active,2026,fantasypros_player_pool,2026-07-18
PRC-060c5502-4b20-4e6a-9a7f-06247edb2fa5,Mark Andrews,TE,BAL,active,2026,fantasypros_player_pool,2026-07-18
PRC-4b41d37c-f920-4e65-a7ec-6cab62654d49,MarShawn Lloyd,RB,GB,active,2026,fantasypros_player_pool,2026-07-18
PRC-136b6c34-2e61-4669-a8cf-ba3fe502f06e,Marvin Harrison Jr.,WR,ARI,active,2026,fantasypros_player_pool,2026-07-18
PRC-79d96fdd-05e1-45a8-9edd-0038e7f664b0,Marvin Mims Jr.,WR,DEN,active,2026,fantasypros_player_pool,2026-07-18
PRC-b17cb150-8780-402c-a92e-0e33ea4e65b1,Mason Taylor,TE,NYJ,active,2026,fantasypros_player_pool,2026-07-18
PRC-202e82f5-70e9-4f14-9a00-c4c8bc6f281f,Matt Hibner,TE,BAL,active,2026,fantasypros_player_pool,2026-07-18
PRC-1473bc41-d30e-43d8-9353-69ac2ae89784,Matthew Golden,WR,GB,active,2026,fantasypros_player_pool,2026-07-18
PRC-10fc751b-a6df-42ff-b4c1-9a94d1839820,Matthew Stafford,QB,LAR,active,2026,fantasypros_player_pool,2026-07-18
PRC-f61c2b62-f60a-4d69-9ece-8229f99bfdf0,Max Klare,TE,LAR,active,2026,fantasypros_player_pool,2026-07-18
PRC-8571f979-86fe-4193-8ce3-3c45c0983478,Michael Mayer,TE,LV,active,2026,fantasypros_player_pool,2026-07-18
PRC-cd13981a-20d8-46c5-81ad-cd43dcf941b7,Michael Penix Jr.,QB,ATL,active,2026,fantasypros_player_pool,2026-07-18
PRC-e8712efe-7676-4efe-8130-3dc34dd0485f,Michael Pittman Jr.,WR,PIT,active,2026,fantasypros_player_pool,2026-07-18
PRC-fc83c918-89df-48ec-9b8f-328cce63de18,Michael Trigg,TE,DAL,active,2026,fantasypros_player_pool,2026-07-18
PRC-ea05293f-2fc2-4cdc-a1b4-554fed131ce7,Michael Wilson,WR,ARI,active,2026,fantasypros_player_pool,2026-07-18
PRC-14b600dd-b986-4d2a-a071-eb215a298eeb,Mike Evans,WR,SF,active,2026,fantasypros_player_pool,2026-07-18
PRC-369149a3-9d17-48b7-8a3b-162c307714f5,Mike Gesicki,TE,CIN,active,2026,fantasypros_player_pool,2026-07-18
PRC-4e66fcd0-2fe8-4a85-8c24-e1bcb4c4bb19,Mike Washington Jr.,RB,LV,active,2026,fantasypros_player_pool,2026-07-18
PRC-cea34158-7392-4d6a-917c-7566dce1dd7a,Mitch Tinsley,WR,CIN,active,2026,fantasypros_player_pool,2026-07-18
PRC-cf38f4a9-0720-45e9-a449-dcbf7b73b5fb,Mitchell Evans,TE,CAR,active,2026,fantasypros_player_pool,2026-07-18
PRC-5f58ee65-b958-4281-9e14-b6e0aeedec7d,Mitchell Trubisky,QB,TEN,active,2026,fantasypros_player_pool,2026-07-18
PRC-dc2a44d2-62ad-4d40-a9c0-25457741d652,Mo Alie-Cox,TE,IND,active,2026,fantasypros_player_pool,2026-07-18
PRC-28b6f47b-550c-411f-b0c0-25b6abddf9a9,Najee Harris,RB,LAC,active,2026,fantasypros_player_pool,2026-07-18
PRC-76bb36af-eeef-4d3b-ae33-1dea8b5e070d,Nicholas Singleton,RB,TEN,active,2026,fantasypros_player_pool,2026-07-18
PRC-429b273b-6eb8-416a-b9aa-8b547819cb2c,Nick Chubb,RB,,active,2026,fantasypros_player_pool,2026-07-18
PRC-da70a4ed-9cd8-49cd-8519-3b3aa6a14e80,Nick Westbrook-Ikhine,WR,IND,active,2026,fantasypros_player_pool,2026-07-18
PRC-cb28f54f-1af5-4f22-a8b1-f1a752db2869,Nico Collins,WR,HOU,active,2026,fantasypros_player_pool,2026-07-18
PRC-fd2dc6d8-be23-4c99-a3e6-cf926d5d06f8,Noah Fant,TE,NO,active,2026,fantasypros_player_pool,2026-07-18
PRC-a25fe50c-db2c-430b-979c-455f289a958b,Noah Gray,TE,KC,active,2026,fantasypros_player_pool,2026-07-18
PRC-6771e8ec-e979-4154-a95c-2394d09905bd,Odell Beckham Jr.,WR,NYG,active,2026,fantasypros_player_pool,2026-07-18
PRC-b39303e2-76f7-4fe1-8172-9fdca23fdb0d,Olamide Zaccheaus,WR,ATL,active,2026,fantasypros_player_pool,2026-07-18
PRC-2b9b4ece-8d47-4b41-8dbb-9911351558a8,Ollie Gordon II,RB,MIA,active,2026,fantasypros_player_pool,2026-07-18
PRC-f7678bd1-232d-4c4a-8830-4badbf795585,Omar Cooper Jr.,WR,NYJ,active,2026,fantasypros_player_pool,2026-07-18
PRC-c1e2148a-7c8f-41a8-831d-e2ecf44e5f08,Omarion Hampton,RB,LAC,active,2026,fantasypros_player_pool,2026-07-18
PRC-4d7c46b4-abcc-4751-953d-f9b842aae67b,Oronde Gadsden II,TE,LAC,active,2026,fantasypros_player_pool,2026-07-18
PRC-36b1011d-501c-4d5a-bb5f-d8ed99b5d577,Oscar Delp,TE,NO,active,2026,fantasypros_player_pool,2026-07-18
PRC-2518283b-e4d6-4bb3-b4ac-5b61877d1cb8,Parker Washington,WR,JAC,active,2026,fantasypros_player_pool,2026-07-18
PRC-87e5ac9b-05b9-4443-b237-605a04901c35,Pat Bryant,WR,DEN,active,2026,fantasypros_player_pool,2026-07-18
PRC-c40d07d8-971d-4d0d-9792-5812613f03b8,Pat Freiermuth,TE,PIT,active,2026,fantasypros_player_pool,2026-07-18
PRC-ddb78331-86ed-465f-8ac0-efa71a8826ea,Patrick Mahomes II,QB,KC,active,2026,fantasypros_player_pool,2026-07-18
PRC-4a961668-ebba-4d5b-9cee-41032b24889f,Phil Mafah,RB,DAL,active,2026,fantasypros_player_pool,2026-07-18
PRC-21443825-9ab5-4bef-b771-680cd9664ed1,Pierre Strong Jr.,RB,GB,active,2026,fantasypros_player_pool,2026-07-18
PRC-f3d93403-c917-45f3-ab38-0c2dac319d98,Puka Nacua,WR,LAR,active,2026,fantasypros_player_pool,2026-07-18
PRC-fab0cefa-6c31-4fc7-9ddf-f5de37bf6a11,Quentin Johnston,WR,LAC,active,2026,fantasypros_player_pool,2026-07-18
PRC-0143ca22-3766-4306-92e6-ea5fd587421f,Quinshon Judkins,RB,CLE,active,2026,fantasypros_player_pool,2026-07-18
PRC-1f4ce1d0-e102-40d0-b197-e77e1272c80d,Rachaad White,RB,WAS,active,2026,fantasypros_player_pool,2026-07-18
PRC-b22b3c04-62e6-4896-9616-a82345bedf2e,Rashee Rice,WR,KC,active,2026,fantasypros_player_pool,2026-07-18
PRC-4270f690-068b-4457-8b42-20ae0d913d24,Rashid Shaheed,WR,SEA,active,2026,fantasypros_player_pool,2026-07-18
PRC-0e992fc1-0f5e-4e00-9eb6-5ccf23bba060,Rashod Bateman,WR,BAL,active,2026,fantasypros_player_pool,2026-07-18
PRC-a97f258b-6560-48de-9fe5-43f61051c0d2,Ray Davis,RB,BUF,active,2026,fantasypros_player_pool,2026-07-18
PRC-34872526-2ed2-4b99-b31f-1cb736d6c5a0,Rhamondre Stevenson,RB,NE,active,2026,fantasypros_player_pool,2026-07-18
PRC-8bbc434e-781b-4074-9ff6-7466f86a3e2f,Ricky Pearsall,WR,SF,active,2026,fantasypros_player_pool,2026-07-18
PRC-b3d8e04c-84e4-47e8-96b5-fd2ac7e5809a,Rico Dowdle,RB,PIT,active,2026,fantasypros_player_pool,2026-07-18
PRC-12c35be0-7371-4d1c-9013-62bf46938ce1,Riley Leonard,QB,IND,active,2026,fantasypros_player_pool,2026-07-18
PRC-342f0c77-e1f6-402d-a0cf-87377972be4b,RJ Harvey,RB,DEN,active,2026,fantasypros_player_pool,2026-07-18
PRC-55bd1ba0-60db-4d75-b6f2-c5a2930bc60f,Roman Wilson,WR,PIT,active,2026,fantasypros_player_pool,2026-07-18
PRC-25abe7cb-a8ad-4347-b006-2dd86d88ff42,Rome Odunze,WR,CHI,active,2026,fantasypros_player_pool,2026-07-18
PRC-e14fb1e1-3dc6-4afb-af22-2564c26edc31,Romeo Doubs,WR,NE,active,2026,fantasypros_player_pool,2026-07-18
PRC-01d2c92c-b1bc-4364-bd78-b33422da21c0,Ryan Flournoy,WR,DAL,active,2026,fantasypros_player_pool,2026-07-18
PRC-d1aa6ece-c290-4a5b-ac91-b600d737816c,Sam Darnold,QB,SEA,active,2026,fantasypros_player_pool,2026-07-18
PRC-f0b4abe0-fc99-4122-b58a-be87cdc17826,Sam LaPorta,TE,DET,active,2026,fantasypros_player_pool,2026-07-18
PRC-fc99b89a-ad09-475c-815a-270a95af8859,Sam Roush,TE,CHI,active,2026,fantasypros_player_pool,2026-07-18
PRC-98d8dffb-3cea-404e-9c63-2020a36d7c8b,Samaje Perine,RB,CIN,active,2026,fantasypros_player_pool,2026-07-18
PRC-1fa7c902-7968-44be-9da8-5badbc814950,Saquon Barkley,RB,PHI,active,2026,fantasypros_player_pool,2026-07-18
PRC-1aba88bb-5a6f-46a0-ba15-414fc3328d85,Savion Williams,WR,GB,active,2026,fantasypros_player_pool,2026-07-18
PRC-1b2b53ec-716f-40e3-8637-bc749e25ec86,Sean Tucker,RB,TB,active,2026,fantasypros_player_pool,2026-07-18
PRC-1805165f-d47c-45ff-9a63-e6c93847807d,Seth McGowan,RB,IND,active,2026,fantasypros_player_pool,2026-07-18
PRC-b2530d99-df2b-4521-b390-016d7e37d1d3,Shedeur Sanders,QB,CLE,active,2026,fantasypros_player_pool,2026-07-18
PRC-12517a2e-2f3c-4f58-9a69-7eae2dd81311,Sione Vaki,RB,DET,active,2026,fantasypros_player_pool,2026-07-18
PRC-f990dcdd-818d-4bda-a8d7-7a5e29c7ec4c,Skyler Bell,WR,BUF,active,2026,fantasypros_player_pool,2026-07-18
PRC-69313218-0153-4590-a8f0-4b1b26f51bc2,Stefon Diggs,WR,,active,2026,fantasypros_player_pool,2026-07-18
PRC-f535daf6-01e8-4c06-a41f-094ec069e954,T.J. Hockenson,TE,MIN,active,2026,fantasypros_player_pool,2026-07-18
PRC-704bf836-a939-47c0-9f26-ba5e04c23995,Tahj Brooks,RB,CIN,active,2026,fantasypros_player_pool,2026-07-18
PRC-5e02e22a-d69a-43be-8bf7-c985a8521741,Tai Felton,WR,MIN,active,2026,fantasypros_player_pool,2026-07-18
PRC-d8070058-3007-42e3-9f9d-22b9920d210a,Tank Bigsby,RB,PHI,active,2026,fantasypros_player_pool,2026-07-18
PRC-be88017b-cc4a-4b37-925d-755cd86b7f6f,Tank Dell,WR,HOU,active,2026,fantasypros_player_pool,2026-07-18
PRC-ad66de0f-052c-417c-8e8c-c186c7166210,Tanner Koziol,TE,JAC,active,2026,fantasypros_player_pool,2026-07-18
PRC-f8457c15-3efd-41a9-878e-6025c4f54cbb,Taylen Green,QB,CLE,active,2026,fantasypros_player_pool,2026-07-18
PRC-e12d479a-f8ac-4245-bbb1-e030ac041010,Ted Hurst III,WR,TB,active,2026,fantasypros_player_pool,2026-07-18
PRC-d5a4826c-aa46-4cfc-a699-a88a2da8d0f5,Teddy Bridgewater,QB,DET,active,2026,fantasypros_player_pool,2026-07-18
PRC-093bc7a1-c4d8-49f9-893b-9cd9881a0381,Tee Higgins,WR,CIN,active,2026,fantasypros_player_pool,2026-07-18
PRC-fb4f369a-95ff-4558-bf3b-fce7a4360d05,Terrance Ferguson,TE,LAR,active,2026,fantasypros_player_pool,2026-07-18
PRC-b88bbe05-c333-49b7-a6f7-c69ab9370369,Terry McLaurin,WR,WAS,active,2026,fantasypros_player_pool,2026-07-18
PRC-fa25d871-3ffa-44d2-b9d7-fe411a27c943,Tetairoa McMillan,WR,CAR,active,2026,fantasypros_player_pool,2026-07-18
PRC-4a83e485-55d0-4224-bf82-f19453444c86,Tez Johnson,WR,TB,active,2026,fantasypros_player_pool,2026-07-18
PRC-e1655701-a587-4033-ae96-25ff284a3eb9,Theo Johnson,TE,NYG,active,2026,fantasypros_player_pool,2026-07-18
PRC-00cf6853-5f6c-48c7-ab36-11d8bf792681,Tommy DeVito,QB,NE,active,2026,fantasypros_player_pool,2026-07-18
PRC-c12c6f13-09f8-49dc-b75c-6ec363451afc,Tommy Tremble,TE,CAR,active,2026,fantasypros_player_pool,2026-07-18
PRC-63f47330-f578-47f4-bd51-507ea4d41642,Tony Pollard,RB,TEN,active,2026,fantasypros_player_pool,2026-07-18
PRC-78e05b85-5e28-448d-8854-b3ae559321e8,Tory Horton,WR,SEA,active,2026,fantasypros_player_pool,2026-07-18
PRC-4b2d376e-2d2c-4e73-b1fd-80fb10c14c6d,Travis Etienne Jr.,RB,NO,active,2026,fantasypros_player_pool,2026-07-18
PRC-ecfc9d2b-69da-4fea-bb44-8d70a9f799f7,Travis Hunter,WR,JAC,active,2026,fantasypros_player_pool,2026-07-18
PRC-64da5b19-d672-41f0-a912-1cc3b9b418fa,Travis Kelce,TE,KC,active,2026,fantasypros_player_pool,2026-07-18
PRC-18b93799-bc65-415b-a85d-b197ebb889e7,Tre Tucker,WR,LV,active,2026,fantasypros_player_pool,2026-07-18
PRC-70e60abc-8397-48d8-9d11-0583909230f3,Tre' Harris,WR,LAC,active,2026,fantasypros_player_pool,2026-07-18
PRC-d14d1cbc-267b-4d1f-b443-eb0345622591,TreVeyon Henderson,RB,NE,active,2026,fantasypros_player_pool,2026-07-18
PRC-5c8aa327-275e-4e60-b37b-93cbcc0c1766,Trevor Etienne,RB,CAR,active,2026,fantasypros_player_pool,2026-07-18
PRC-00b8bd2f-806d-490a-b547-2d5e44f7dc5a,Trevor Lawrence,QB,JAC,active,2026,fantasypros_player_pool,2026-07-18
PRC-1f245a3b-2e5f-4b08-a6db-d36559995ec7,Trey Benson,RB,ARI,active,2026,fantasypros_player_pool,2026-07-18
PRC-aa3e12a1-df58-4f46-aec0-8b2beb2079b2,Trey Lance,QB,LAC,active,2026,fantasypros_player_pool,2026-07-18
PRC-cc01aa3d-67ed-477d-8337-fe9d3fe1872c,Trey McBride,TE,ARI,active,2026,fantasypros_player_pool,2026-07-18
PRC-b4f19a6a-f113-4340-b6b9-e4cd53178703,Treylon Burks,WR,WAS,active,2026,fantasypros_player_pool,2026-07-18
PRC-2af24e4a-6520-4462-ae9c-a248834fafcd,Treyvhon Saunders,WR,HOU,active,2026,fantasypros_player_pool,2026-07-18
PRC-9b1c2279-59bb-4cde-b043-05f0bd9f9713,Troy Franklin,WR,DEN,active,2026,fantasypros_player_pool,2026-07-18
PRC-3a7d488f-3b14-487d-848e-43b4a4a08c3d,Tua Tagovailoa,QB,ATL,active,2026,fantasypros_player_pool,2026-07-18
PRC-a682ffd2-d1c4-408b-9d61-9c67b0e45e85,Tucker Kraft,TE,GB,active,2026,fantasypros_player_pool,2026-07-18
PRC-0f3e5074-980d-4748-a20e-3f21529ab3df,Tutu Atwell,WR,MIA,active,2026,fantasypros_player_pool,2026-07-18
PRC-1886e244-ff29-40f5-b191-74ff2e193d3a,Ty Johnson,RB,BUF,active,2026,fantasypros_player_pool,2026-07-18
PRC-150547d7-3a92-4ef1-831b-fe61d56e0096,Ty Simpson,QB,LAR,active,2026,fantasypros_player_pool,2026-07-18
PRC-1c59fcae-0547-44d4-87da-309674b687db,Tyjae Spears,RB,TEN,active,2026,fantasypros_player_pool,2026-07-18
PRC-45e2363f-43df-4acc-93a2-59bc29a239a3,Tyler Allgeier,RB,ARI,active,2026,fantasypros_player_pool,2026-07-18
PRC-2a558cdf-3286-4820-8977-bbd9a06bc89c,Tyler Conklin,TE,DET,active,2026,fantasypros_player_pool,2026-07-18
PRC-e2304c2c-fe5a-46b3-81b5-f014ddda59b5,Tyler Higbee,TE,LAR,active,2026,fantasypros_player_pool,2026-07-18
PRC-00a66ec8-6134-4486-8384-870f6d57b5ed,Tyler Huntley,QB,BAL,active,2026,fantasypros_player_pool,2026-07-18
PRC-dcc0f400-37b3-416f-8b40-1a4afc01ab5c,Tyler Shough,QB,NO,active,2026,fantasypros_player_pool,2026-07-18
PRC-18b5fb20-026d-4d5a-9730-0dcc40e0b184,Tyler Warren,TE,IND,active,2026,fantasypros_player_pool,2026-07-18
PRC-e69e0503-d676-4dc0-ba77-ac23c03ab7b1,Tyquan Thornton,WR,KC,active,2026,fantasypros_player_pool,2026-07-18
PRC-15d62b13-fecd-40fa-b084-3cbaaa0149b5,Tyreek Hill,WR,,active,2026,fantasypros_player_pool,2026-07-18
PRC-2d2619e3-c46c-4658-b382-853e97994684,Tyrod Taylor,QB,GB,active,2026,fantasypros_player_pool,2026-07-18
PRC-8c4352ae-1bca-4a2a-a8fa-bfa8c4c821cc,Tyrone Tracy Jr.,RB,NYG,active,2026,fantasypros_player_pool,2026-07-18
PRC-3d2f1504-14f8-4cfe-8028-fb32ed656d6f,Tyson Bagent,QB,CHI,active,2026,fantasypros_player_pool,2026-07-18
PRC-2a48178c-eb4a-4e2b-85b0-398743f793dc,Van Jefferson,WR,WAS,active,2026,fantasypros_player_pool,2026-07-18
PRC-f4834e85-c009-4d16-b8f9-76b35c3ce3e4,Wan'Dale Robinson,WR,TEN,active,2026,fantasypros_player_pool,2026-07-18
PRC-e7bdcd87-f819-4639-9633-0d8954c9a589,Will Howard,QB,PIT,active,2026,fantasypros_player_pool,2026-07-18
PRC-301b0545-ba63-4d1f-b5a6-6f7142336aa1,Will Shipley,RB,PHI,active,2026,fantasypros_player_pool,2026-07-18
PRC-0e6ee2a2-3ca5-4a81-a1fa-66bc8054e074,Woody Marks,RB,HOU,active,2026,fantasypros_player_pool,2026-07-18
PRC-0e4c9297-f9dc-420c-a5e8-6d6061b87846,Xavier Hutchinson,WR,HOU,active,2026,fantasypros_player_pool,2026-07-18
PRC-13ac6a3b-8674-4e0c-bb31-08201b1fe082,Xavier Legette,WR,CAR,active,2026,fantasypros_player_pool,2026-07-18
PRC-0e758c6e-8073-4dac-b82e-af21e1e8302f,Xavier Smith,WR,LAR,active,2026,fantasypros_player_pool,2026-07-18
PRC-e880b7fa-a612-4235-bb53-df5bb96abf1e,Xavier Worthy,WR,KC,active,2026,fantasypros_player_pool,2026-07-18
PRC-c72f20d1-7503-45fd-b879-c465fc8307d7,Zach Charbonnet,RB,SEA,active,2026,fantasypros_player_pool,2026-07-18
PRC-4674c770-0118-4410-bf9d-089971b122cf,Zach Wilson,QB,NO,active,2026,fantasypros_player_pool,2026-07-18
PRC-2bb5c036-bf08-4709-94e2-080380e56704,Zachariah Branch,WR,ATL,active,2026,fantasypros_player_pool,2026-07-18
PRC-6143ac97-dd68-471f-a328-f3996c0c6246,Zavion Thomas,WR,CHI,active,2026,fantasypros_player_pool,2026-07-18
PRC-0225330b-67f5-4e53-b16e-76bc216256fc,Zay Flowers,WR,BAL,active,2026,fantasypros_player_pool,2026-07-18
